<ImportExportXml xmlns:xsi="http://www.w3.org/2001/XMLSchema-instance">
  <Entities></Entities>
  <Roles></Roles>
  <Workflows></Workflows>
  <FieldSecurityProfiles></FieldSecurityProfiles>
  <Templates />
  <EntityMaps />
  <EntityRelationships />
  <OrganizationSettings>
    <customization>
      <isappmode>False</isappmode>
    </customization>
  </OrganizationSettings>
  <optionsets />
  <WebResources>
    <WebResource>
      <WebResourceId>{bf40880c-f3b8-e511-80e4-3863bb2e4de0}</WebResourceId>
      <Name>new_additional_methods.min.js</Name>
      <DisplayName>additional_methods.min</DisplayName>
      <WebResourceType>3</WebResourceType>
      <IntroducedVersion>1.0</IntroducedVersion>
      <IsEnabledForMobileClient>0</IsEnabledForMobileClient>
      <IsCustomizable>1</IsCustomizable>
      <CanBeDeleted>1</CanBeDeleted>
      <IsHidden>0</IsHidden>
      <FileName>/WebResources/new_additional_methodsminjsBF40880C-F3B8-E511-80E4-3863BB2E4DE0</FileName>
    </WebResource>
    <WebResource>
      <WebResourceId>{c240880c-f3b8-e511-80e4-3863bb2e4de0}</WebResourceId>
      <Name>new_Configuration.js</Name>
      <DisplayName>Configuration</DisplayName>
      <WebResourceType>3</WebResourceType>
      <IntroducedVersion>1.0</IntroducedVersion>
      <IsEnabledForMobileClient>0</IsEnabledForMobileClient>
      <IsCustomizable>1</IsCustomizable>
      <CanBeDeleted>1</CanBeDeleted>
      <IsHidden>0</IsHidden>
      <FileName>/WebResources/new_ConfigurationjsC240880C-F3B8-E511-80E4-3863BB2E4DE0</FileName>
    </WebResource>
    <WebResource>
      <WebResourceId>{c540880c-f3b8-e511-80e4-3863bb2e4de0}</WebResourceId>
      <Name>new_jquery_1.7.1.min.js</Name>
      <DisplayName>jquery_1.7.1.min</DisplayName>
      <WebResourceType>3</WebResourceType>
      <IntroducedVersion>1.0</IntroducedVersion>
      <IsEnabledForMobileClient>0</IsEnabledForMobileClient>
      <IsCustomizable>1</IsCustomizable>
      <CanBeDeleted>1</CanBeDeleted>
      <IsHidden>0</IsHidden>
      <FileName>/WebResources/new_jquery_171minjsC540880C-F3B8-E511-80E4-3863BB2E4DE0</FileName>
    </WebResource>
    <WebResource>
      <WebResourceId>{c840880c-f3b8-e511-80e4-3863bb2e4de0}</WebResourceId>
      <Name>new_jquery_ui_1.8.18.custom.css</Name>
      <DisplayName>jquery_ui_1.8.18.custom</DisplayName>
      <WebResourceType>2</WebResourceType>
      <IntroducedVersion>1.0</IntroducedVersion>
      <IsEnabledForMobileClient>0</IsEnabledForMobileClient>
      <IsCustomizable>1</IsCustomizable>
      <CanBeDeleted>1</CanBeDeleted>
      <IsHidden>0</IsHidden>
      <FileName>/WebResources/new_jquery_ui_1818customcssC840880C-F3B8-E511-80E4-3863BB2E4DE0</FileName>
    </WebResource>
    <WebResource>
      <WebResourceId>{cb40880c-f3b8-e511-80e4-3863bb2e4de0}</WebResourceId>
      <Name>new_jquery_ui_1.8.18.custom.min.js</Name>
      <DisplayName>jquery_ui_1.8.18.custom.min</DisplayName>
      <WebResourceType>3</WebResourceType>
      <IntroducedVersion>1.0</IntroducedVersion>
      <IsEnabledForMobileClient>0</IsEnabledForMobileClient>
      <IsCustomizable>1</IsCustomizable>
      <CanBeDeleted>1</CanBeDeleted>
      <IsHidden>0</IsHidden>
      <FileName>/WebResources/new_jquery_ui_1818customminjsCB40880C-F3B8-E511-80E4-3863BB2E4DE0</FileName>
    </WebResource>
    <WebResource>
      <WebResourceId>{7511b112-f3b8-e511-80e4-3863bb2e4de0}</WebResourceId>
      <Name>new_jquery.tooltip.min</Name>
      <DisplayName>jquery.tooltip.min</DisplayName>
      <WebResourceType>3</WebResourceType>
      <IntroducedVersion>1.0</IntroducedVersion>
      <IsEnabledForMobileClient>0</IsEnabledForMobileClient>
      <IsCustomizable>1</IsCustomizable>
      <CanBeDeleted>1</CanBeDeleted>
      <IsHidden>0</IsHidden>
      <FileName>/WebResources/new_jquerytooltipmin7511B112-F3B8-E511-80E4-3863BB2E4DE0</FileName>
    </WebResource>
    <WebResource>
      <WebResourceId>{7811b112-f3b8-e511-80e4-3863bb2e4de0}</WebResourceId>
      <Name>new_jquery.validate.js</Name>
      <DisplayName>jquery.validate</DisplayName>
      <WebResourceType>3</WebResourceType>
      <IntroducedVersion>1.0</IntroducedVersion>
      <IsEnabledForMobileClient>0</IsEnabledForMobileClient>
      <IsCustomizable>1</IsCustomizable>
      <CanBeDeleted>1</CanBeDeleted>
      <IsHidden>0</IsHidden>
      <FileName>/WebResources/new_jqueryvalidatejs7811B112-F3B8-E511-80E4-3863BB2E4DE0</FileName>
    </WebResource>
    <WebResource>
      <WebResourceId>{7b11b112-f3b8-e511-80e4-3863bb2e4de0}</WebResourceId>
      <Name>new_jquery.validate.min.js</Name>
      <DisplayName>jquery.validate.min</DisplayName>
      <WebResourceType>3</WebResourceType>
      <IntroducedVersion>1.0</IntroducedVersion>
      <IsEnabledForMobileClient>0</IsEnabledForMobileClient>
      <IsCustomizable>1</IsCustomizable>
      <CanBeDeleted>1</CanBeDeleted>
      <IsHidden>0</IsHidden>
      <FileName>/WebResources/new_jqueryvalidateminjs7B11B112-F3B8-E511-80E4-3863BB2E4DE0</FileName>
    </WebResource>
    <WebResource>
      <WebResourceId>{7e11b112-f3b8-e511-80e4-3863bb2e4de0}</WebResourceId>
      <Name>new_json2</Name>
      <DisplayName>json2</DisplayName>
      <WebResourceType>3</WebResourceType>
      <IntroducedVersion>1.0</IntroducedVersion>
      <IsEnabledForMobileClient>0</IsEnabledForMobileClient>
      <IsCustomizable>1</IsCustomizable>
      <CanBeDeleted>1</CanBeDeleted>
      <IsHidden>0</IsHidden>
      <FileName>/WebResources/new_json27E11B112-F3B8-E511-80E4-3863BB2E4DE0</FileName>
    </WebResource>
    <WebResource>
      <WebResourceId>{8111b112-f3b8-e511-80e4-3863bb2e4de0}</WebResourceId>
      <Name>new_jsrender</Name>
      <DisplayName>jsrender</DisplayName>
      <WebResourceType>3</WebResourceType>
      <IntroducedVersion>1.0</IntroducedVersion>
      <IsEnabledForMobileClient>0</IsEnabledForMobileClient>
      <IsCustomizable>1</IsCustomizable>
      <CanBeDeleted>1</CanBeDeleted>
      <IsHidden>0</IsHidden>
      <FileName>/WebResources/new_jsrender8111B112-F3B8-E511-80E4-3863BB2E4DE0</FileName>
    </WebResource>
    <WebResource>
      <WebResourceId>{8411b112-f3b8-e511-80e4-3863bb2e4de0}</WebResourceId>
      <Name>new_SDK.MetaData.js</Name>
      <DisplayName>SDK.MetaData</DisplayName>
      <WebResourceType>3</WebResourceType>
      <IntroducedVersion>1.0</IntroducedVersion>
      <IsEnabledForMobileClient>0</IsEnabledForMobileClient>
      <IsCustomizable>1</IsCustomizable>
      <CanBeDeleted>1</CanBeDeleted>
      <IsHidden>0</IsHidden>
      <FileName>/WebResources/new_SDKMetaDatajs8411B112-F3B8-E511-80E4-3863BB2E4DE0</FileName>
    </WebResource>
    <WebResource>
      <WebResourceId>{8711b112-f3b8-e511-80e4-3863bb2e4de0}</WebResourceId>
      <Name>new_SDK.Soap.js</Name>
      <DisplayName>SDK.Soap</DisplayName>
      <WebResourceType>3</WebResourceType>
      <IntroducedVersion>1.0</IntroducedVersion>
      <IsEnabledForMobileClient>0</IsEnabledForMobileClient>
      <IsCustomizable>1</IsCustomizable>
      <CanBeDeleted>1</CanBeDeleted>
      <IsHidden>0</IsHidden>
      <FileName>/WebResources/new_SDKSoapjs8711B112-F3B8-E511-80E4-3863BB2E4DE0</FileName>
    </WebResource>
    <WebResource>
      <WebResourceId>{8a11b112-f3b8-e511-80e4-3863bb2e4de0}</WebResourceId>
      <Name>new_Configuration.css</Name>
      <DisplayName>Configuration</DisplayName>
      <WebResourceType>2</WebResourceType>
      <IntroducedVersion>1.0</IntroducedVersion>
      <IsEnabledForMobileClient>0</IsEnabledForMobileClient>
      <IsCustomizable>1</IsCustomizable>
      <CanBeDeleted>1</CanBeDeleted>
      <IsHidden>0</IsHidden>
      <FileName>/WebResources/new_Configurationcss8A11B112-F3B8-E511-80E4-3863BB2E4DE0</FileName>
    </WebResource>
    <WebResource>
      <WebResourceId>{8d11b112-f3b8-e511-80e4-3863bb2e4de0}</WebResourceId>
      <Name>new_Configuration</Name>
      <DisplayName>Configuration</DisplayName>
      <WebResourceType>1</WebResourceType>
      <IntroducedVersion>1.0</IntroducedVersion>
      <IsEnabledForMobileClient>0</IsEnabledForMobileClient>
      <IsCustomizable>1</IsCustomizable>
      <CanBeDeleted>1</CanBeDeleted>
      <IsHidden>0</IsHidden>
      <FileName>/WebResources/new_Configuration8D11B112-F3B8-E511-80E4-3863BB2E4DE0</FileName>
    </WebResource>
    <WebResource>
      <WebResourceId>{9011b112-f3b8-e511-80e4-3863bb2e4de0}</WebResourceId>
      <Name>new_nexmo_logo.png</Name>
      <DisplayName>nexmo_logo</DisplayName>
      <WebResourceType>5</WebResourceType>
      <IntroducedVersion>1.0</IntroducedVersion>
      <IsEnabledForMobileClient>0</IsEnabledForMobileClient>
      <IsCustomizable>1</IsCustomizable>
      <CanBeDeleted>1</CanBeDeleted>
      <IsHidden>0</IsHidden>
      <FileName>/WebResources/new_nexmo_logopng9011B112-F3B8-E511-80E4-3863BB2E4DE0</FileName>
    </WebResource>
  </WebResources>
  <SolutionPluginAssemblies>
    <PluginAssembly FullName="DynamicCRMWithNexmoSMS.Plugins, Version=1.0.0.0, Culture=neutral, PublicKeyToken=c07a1ae346247d4f" CustomizationLevel="1">
      <IsolationMode>2</IsolationMode>
      <SourceType>0</SourceType>
      <IntroducedVersion>1.0.0.0</IntroducedVersion>
      <FileName>/PluginAssemblies/DynamicCRMWithNexmoSMSPlugins-F6943F35-425C-E511-8112-C4346BADA5BC/DynamicCRMWithNexmoSMSPlugins.dll</FileName>
      <PluginTypes>
        <PluginType AssemblyQualifiedName="DynamicCRMWithNexmoSMS.Plugins.PostOpportunityCreate, DynamicCRMWithNexmoSMS.Plugins, Version=1.0.0.0, Culture=neutral, PublicKeyToken=c07a1ae346247d4f" Name="DynamicCRMWithNexmoSMS.Plugins.PostOpportunityCreate">
          <Description>Plug-in to PostOpportunityCreate</Description>
          <FriendlyName>PostOpportunityCreate</FriendlyName>
        </PluginType>
        <PluginType AssemblyQualifiedName="DynamicCRMWithNexmoSMS.Plugins.PostOpportunityUpdate, DynamicCRMWithNexmoSMS.Plugins, Version=1.0.0.0, Culture=neutral, PublicKeyToken=c07a1ae346247d4f" Name="DynamicCRMWithNexmoSMS.Plugins.PostOpportunityUpdate">
          <Description>Plug-in to PostOpportunityUpdate</Description>
          <FriendlyName>PostOpportunityUpdate</FriendlyName>
        </PluginType>
      </PluginTypes>
    </PluginAssembly>
  </SolutionPluginAssemblies>
  <SdkMessageProcessingSteps>
    <SdkMessageProcessingStep Name="PostOpportunityCreate" SdkMessageProcessingStepId="{369262e1-f660-e511-8112-c4346bada5bc}">
      <PluginTypeName>DynamicCRMWithNexmoSMS.Plugins.PostOpportunityCreate, DynamicCRMWithNexmoSMS.Plugins, Version=1.0.0.0, Culture=neutral, PublicKeyToken=c07a1ae346247d4f</PluginTypeName>
      <PrimaryEntity>opportunity</PrimaryEntity>
      <AsyncAutoDelete>0</AsyncAutoDelete>
      <Configuration>&lt;settings APIKey='' APISecret='' FromUser=''  Threshold='' EnableNexmoSMS='false'  /&gt;</Configuration>
      <Description>Post-Operation of Opportunity Create</Description>
      <FilteringAttributes></FilteringAttributes>
      <InvocationSource>1</InvocationSource>
      <Mode>1</Mode>
      <Rank>1</Rank>
      <SdkMessageId>{9ebdbb1b-ea3e-db11-86a7-000a3a5473e8}</SdkMessageId>
      <EventHandlerTypeCode>4602</EventHandlerTypeCode>
      <Stage>40</Stage>
      <IsCustomizable>1</IsCustomizable>
      <IsHidden>0</IsHidden>
      <SupportedDeployment>0</SupportedDeployment>
      <IntroducedVersion>1.0.0.0</IntroducedVersion>
      <SdkMessageProcessingStepImages>
        <SdkMessageProcessingStepImage Name="">
          <SdkMessageProcessingStepImageId>{399262e1-f660-e511-8112-c4346bada5bc}</SdkMessageProcessingStepImageId>
          <Attributes></Attributes>
          <EntityAlias>PostImage</EntityAlias>
          <ImageType>1</ImageType>
          <MessagePropertyName>id</MessagePropertyName>
          <IsCustomizable>1</IsCustomizable>
        </SdkMessageProcessingStepImage>
      </SdkMessageProcessingStepImages>
    </SdkMessageProcessingStep>
    <SdkMessageProcessingStep Name="PostOpportunityUpdate" SdkMessageProcessingStepId="{019033da-e87b-e511-8114-c4346bacbe48}">
      <PluginTypeName>DynamicCRMWithNexmoSMS.Plugins.PostOpportunityUpdate, DynamicCRMWithNexmoSMS.Plugins, Version=1.0.0.0, Culture=neutral, PublicKeyToken=c07a1ae346247d4f</PluginTypeName>
      <PrimaryEntity>opportunity</PrimaryEntity>
      <AsyncAutoDelete>0</AsyncAutoDelete>
      <Configuration>&lt;settings APIKey='' APISecret='' FromUser=''  Threshold='' EnableNexmoSMS='false'  /&gt;</Configuration>
      <Description>Post-Operation of Opportunity Update</Description>
      <FilteringAttributes></FilteringAttributes>
      <InvocationSource>1</InvocationSource>
      <Mode>1</Mode>
      <Rank>1</Rank>
      <SdkMessageId>{20bebb1b-ea3e-db11-86a7-000a3a5473e8}</SdkMessageId>
      <EventHandlerTypeCode>4602</EventHandlerTypeCode>
      <Stage>40</Stage>
      <IsCustomizable>1</IsCustomizable>
      <IsHidden>0</IsHidden>
      <SupportedDeployment>0</SupportedDeployment>
      <IntroducedVersion>1.0.0.0</IntroducedVersion>
      <SdkMessageProcessingStepImages>
        <SdkMessageProcessingStepImage Name="">
          <SdkMessageProcessingStepImageId>{079033da-e87b-e511-8114-c4346bacbe48}</SdkMessageProcessingStepImageId>
          <Attributes></Attributes>
          <EntityAlias>PostImage</EntityAlias>
          <ImageType>1</ImageType>
          <MessagePropertyName>Target</MessagePropertyName>
          <IsCustomizable>1</IsCustomizable>
        </SdkMessageProcessingStepImage>
        <SdkMessageProcessingStepImage Name="">
          <SdkMessageProcessingStepImageId>{069033da-e87b-e511-8114-c4346bacbe48}</SdkMessageProcessingStepImageId>
          <Attributes></Attributes>
          <EntityAlias>PreImage</EntityAlias>
          <ImageType>0</ImageType>
          <MessagePropertyName>Target</MessagePropertyName>
          <IsCustomizable>1</IsCustomizable>
        </SdkMessageProcessingStepImage>
      </SdkMessageProcessingStepImages>
    </SdkMessageProcessingStep>
  </SdkMessageProcessingSteps>
  <Languages>
    <Language>1033</Language>
  </Languages>
</ImportExportXml>