<ImportExportXml version="8.0.0000.2086" SolutionPackageVersion="8.0" languagecode="1033" generatedBy="CrmLive" xmlns:xsi="http://www.w3.org/2001/XMLSchema-instance">
  <SolutionManifest>
    <UniqueName>DynamicCRMwithNexmoSMS</UniqueName>
    <LocalizedNames>
      <LocalizedName description="Dynamic CRM with Nexmo SMS" languagecode="1033" />
    </LocalizedNames>
    <Descriptions>
      <Description description="&quot;Dynamic CRM with Nexmo SMS&quot; Solution for Microsoft Dynamic CRM integrates Nexmo SMS APIs with the platform and allows users to enable SMS functionality in the platform. The solution will send a predefined SMS whenever a new opportunity is created, updated or a lead qualifies into an opportunity on the CRM platform. User can define the threshold for the budget amount and an SMS will be sent in case the opportunity’s budget amount is more than the threshold value." languagecode="1033" />
    </Descriptions>
    <Version>1.0.0.0</Version>
    <Managed>1</Managed>
    <ConfigurationPage>new_Configuration</ConfigurationPage>
    <Publisher>
      <UniqueName>nexmo</UniqueName>
      <LocalizedNames>
        <LocalizedName description="Nexmo" languagecode="1033" />
      </LocalizedNames>
      <Descriptions />
      <EMailAddress xsi:nil="true"></EMailAddress>
      <SupportingWebsiteUrl xsi:nil="true"></SupportingWebsiteUrl>
      <CustomizationPrefix>new</CustomizationPrefix>
      <CustomizationOptionValuePrefix>10000</CustomizationOptionValuePrefix>
      <Addresses>
        <Address>
          <AddressNumber>1</AddressNumber>
          <AddressTypeCode>1</AddressTypeCode>
          <City xsi:nil="true"></City>
          <County xsi:nil="true"></County>
          <Country xsi:nil="true"></Country>
          <Fax xsi:nil="true"></Fax>
          <FreightTermsCode xsi:nil="true"></FreightTermsCode>
          <ImportSequenceNumber xsi:nil="true"></ImportSequenceNumber>
          <Latitude xsi:nil="true"></Latitude>
          <Line1 xsi:nil="true"></Line1>
          <Line2 xsi:nil="true"></Line2>
          <Line3 xsi:nil="true"></Line3>
          <Longitude xsi:nil="true"></Longitude>
          <Name xsi:nil="true"></Name>
          <PostalCode xsi:nil="true"></PostalCode>
          <PostOfficeBox xsi:nil="true"></PostOfficeBox>
          <PrimaryContactName xsi:nil="true"></PrimaryContactName>
          <ShippingMethodCode>1</ShippingMethodCode>
          <StateOrProvince xsi:nil="true"></StateOrProvince>
          <Telephone1 xsi:nil="true"></Telephone1>
          <Telephone2 xsi:nil="true"></Telephone2>
          <Telephone3 xsi:nil="true"></Telephone3>
          <TimeZoneRuleVersionNumber xsi:nil="true"></TimeZoneRuleVersionNumber>
          <UPSZone xsi:nil="true"></UPSZone>
          <UTCOffset xsi:nil="true"></UTCOffset>
          <UTCConversionTimeZoneCode xsi:nil="true"></UTCConversionTimeZoneCode>
        </Address>
        <Address>
          <AddressNumber>2</AddressNumber>
          <AddressTypeCode>1</AddressTypeCode>
          <City xsi:nil="true"></City>
          <County xsi:nil="true"></County>
          <Country xsi:nil="true"></Country>
          <Fax xsi:nil="true"></Fax>
          <FreightTermsCode xsi:nil="true"></FreightTermsCode>
          <ImportSequenceNumber xsi:nil="true"></ImportSequenceNumber>
          <Latitude xsi:nil="true"></Latitude>
          <Line1 xsi:nil="true"></Line1>
          <Line2 xsi:nil="true"></Line2>
          <Line3 xsi:nil="true"></Line3>
          <Longitude xsi:nil="true"></Longitude>
          <Name xsi:nil="true"></Name>
          <PostalCode xsi:nil="true"></PostalCode>
          <PostOfficeBox xsi:nil="true"></PostOfficeBox>
          <PrimaryContactName xsi:nil="true"></PrimaryContactName>
          <ShippingMethodCode>1</ShippingMethodCode>
          <StateOrProvince xsi:nil="true"></StateOrProvince>
          <Telephone1 xsi:nil="true"></Telephone1>
          <Telephone2 xsi:nil="true"></Telephone2>
          <Telephone3 xsi:nil="true"></Telephone3>
          <TimeZoneRuleVersionNumber xsi:nil="true"></TimeZoneRuleVersionNumber>
          <UPSZone xsi:nil="true"></UPSZone>
          <UTCOffset xsi:nil="true"></UTCOffset>
          <UTCConversionTimeZoneCode xsi:nil="true"></UTCConversionTimeZoneCode>
        </Address>
      </Addresses>
    </Publisher>
    <RootComponents>
      <RootComponent type="61" schemaName="new_additional_methods.min.js" behavior="0" />
      <RootComponent type="61" schemaName="new_Configuration" behavior="0" />
      <RootComponent type="61" schemaName="new_Configuration.css" behavior="0" />
      <RootComponent type="61" schemaName="new_Configuration.js" behavior="0" />
      <RootComponent type="61" schemaName="new_jquery.tooltip.min" behavior="0" />
      <RootComponent type="61" schemaName="new_jquery.validate.js" behavior="0" />
      <RootComponent type="61" schemaName="new_jquery.validate.min.js" behavior="0" />
      <RootComponent type="61" schemaName="new_jquery_1.7.1.min.js" behavior="0" />
      <RootComponent type="61" schemaName="new_jquery_ui_1.8.18.custom.css" behavior="0" />
      <RootComponent type="61" schemaName="new_jquery_ui_1.8.18.custom.min.js" behavior="0" />
      <RootComponent type="61" schemaName="new_json2" behavior="0" />
      <RootComponent type="61" schemaName="new_jsrender" behavior="0" />
      <RootComponent type="61" schemaName="new_nexmo_logo.png" behavior="0" />
      <RootComponent type="61" schemaName="new_SDK.MetaData.js" behavior="0" />
      <RootComponent type="61" schemaName="new_SDK.Soap.js" behavior="0" />
      <RootComponent type="91" schemaName="DynamicCRMWithNexmoSMS.Plugins, Version=1.0.0.0, Culture=neutral, PublicKeyToken=c07a1ae346247d4f" behavior="0" />
      <RootComponent type="92" id="{019033da-e87b-e511-8114-c4346bacbe48}" behavior="0" />
      <RootComponent type="92" id="{369262e1-f660-e511-8112-c4346bada5bc}" behavior="0" />
    </RootComponents>
    <MissingDependencies />
  </SolutionManifest>
</ImportExportXml>